gene_id,gene_name,comparison,raw_log2FoldChange,raw_lfcSE,stat,pvalue,padj,shrunken_log2FoldChange,shrunken_lfcSE
ENSG00000001084,GCLC,EVsiINS_vs_EVsiCONT,0.3131302274777253,0.09394932810971691,3.3329693120534314,8.592441926251698e-4,0.04549471883057478,0.20950987524249096,0.11911894920790225
ENSG00000005513,SOX8,EVsiINS_vs_EVsiCONT,-0.8295554756688784,0.2102081039545416,-3.9463534471928514,7.935045304398386e-5,0.007295975526657054,-0.5362752937684843,0.25212900942096
ENSG00000006047,YBX2,EVsiINS_vs_EVsiCONT,0.7129824656584913,0.18999555788963166,3.752627027589048,1.7499111055258574e-4,0.013300879878534762,0.45813524568837954,0.23799592932832225
ENSG00000006468,ETV1,EVsiINS_vs_EVsiCONT,-0.49815464309587487,0.14365881152584617,-3.4676233069507894,5.250827777703379e-4,0.03124749986476214,-0.32138969367749504,0.18992060013213743
ENSG00000006576,PHTF2,EVsiINS_vs_EVsiCONT,0.334427983825271,0.0984347817963718,3.397457460891102,6.801516169589838e-4,0.037889097567532705,0.22784169384415445,0.1258779198921753
ENSG00000012223,LTF,EVsiINS_vs_EVsiCONT,-2.2244477477801117,0.6710688756151215,-3.3147830701298986,9.171426820503633e-4,0.04738662884720638,-0.11465832795565532,0.30714701341251316
ENSG00000013583,HEBP1,EVsiINS_vs_EVsiCONT,-0.497165113454648,0.09688073959666078,-5.131722936101366,2.871019051141601e-7,7.220612913621127e-5,-0.44921564556162846,0.1001012118759439
ENSG00000021645,NRXN3,EVsiINS_vs_EVsiCONT,0.693845174477132,0.13018294137057992,5.329770299950638,9.833706140922764e-8,2.9640038444962333e-5,0.6025266664633062,0.12730452855738103
ENSG00000036530,CYP46A1,EVsiINS_vs_EVsiCONT,-0.49990435801822586,0.1375153509580447,-3.635262205531834,2.776980438724956e-4,0.019305658318322844,-0.3515453273677409,0.17769616371877792
ENSG00000044574,HSPA5,EVsiINS_vs_EVsiCONT,-0.8786300173393414,0.08278508695816823,-10.613385207692275,2.5822050293206343e-26,1.4720290137147163e-22,-0.8365906753071116,0.08248315682316108
ENSG00000048740,CELF2,EVsiINS_vs_EVsiCONT,0.46441476854965785,0.13774497818656453,3.371554989980435,7.474511530963114e-4,0.040970864167477944,0.2891608129516917,0.1829907832311327
ENSG00000050405,LIMA1,EVsiINS_vs_EVsiCONT,-0.37243541898480736,0.10213435584559834,-3.6465243835075123,2.658112653282801e-4,0.01878472834563738,-0.2764311659750366,0.12903628397427486
ENSG00000051108,HERPUD1,EVsiINS_vs_EVsiCONT,-0.3451279094590558,0.06909218429783978,-4.99518017799658,5.878086172786041e-7,1.3055458406102192e-4,-0.3106121875784542,0.07569323143755963
ENSG00000053108,FSTL4,EVsiINS_vs_EVsiCONT,0.7292148894501878,0.15813176587405306,4.611438349654454,3.998922614796512e-6,5.895652979159479e-4,0.589103085935316,0.16154300839692873
ENSG00000064309,CDON,EVsiINS_vs_EVsiCONT,-0.4854845627603623,0.11756931168314708,-4.129347665730647,3.6379394464145245e-5,0.0038169349946368834,-0.3980244045668802,0.13661580104438323
ENSG00000065559,MAP2K4,EVsiINS_vs_EVsiCONT,0.2538203611749261,0.07675636030564421,3.306831644494504,9.435758273792082e-4,0.04845956096047813,0.17606728383675907,0.09309640377376838
ENSG00000070214,SLC44A1,EVsiINS_vs_EVsiCONT,-0.31434186699495487,0.08366794156395567,-3.757016858777054,1.7195091662946805e-4,0.013187016036758578,-0.2439392530005802,0.10028368756621958
ENSG00000070367,EXOC5,EVsiINS_vs_EVsiCONT,-0.5227528196381582,0.11303870099664899,-4.624547301314575,3.7541741036056313e-6,5.582946566944653e-4,-0.4535248514440798,0.12023158743660582
ENSG00000077713,SLC25A43,EVsiINS_vs_EVsiCONT,-0.4587898180468503,0.1167395610869756,-3.9300286361795873,8.493574547366369e-5,0.007645111153108402,-0.3626712977346438,0.1418345426967672
ENSG00000078804,TP53INP2,EVsiINS_vs_EVsiCONT,-0.43440665885174096,0.12109753426642006,-3.587246111023422,3.3418886717576497e-4,0.02194424037442012,-0.30864485677791803,0.15706191064563899
ENSG00000079308,TNS1,EVsiINS_vs_EVsiCONT,-0.8482320047762328,0.2355819233960509,-3.60058188059794,3.1750581796371704e-4,0.021294056858099954,-0.43025817883843853,0.2960187678387358
ENSG00000079459,FDFT1,EVsiINS_vs_EVsiCONT,0.2094718611923263,0.06255122025478492,3.3488053524631685,8.116079248177414e-4,0.04351134398192167,0.15531331066670373,0.07281562005672745
ENSG00000082146,STRADB,EVsiINS_vs_EVsiCONT,-0.573997044809325,0.10357178334959323,-5.542021448755708,2.98999670689187e-8,1.0653109100263493e-5,-0.5199135017762078,0.1028775765273691
ENSG00000083720,OXCT1,EVsiINS_vs_EVsiCONT,-0.4557018405275468,0.08104739694246334,-5.622658564235639,1.8804083118065395e-8,7.322513831970768e-6,-0.4228115361587401,0.08359389204069458
ENSG00000084636,COL16A1,EVsiINS_vs_EVsiCONT,-0.8101421388967768,0.2408878199172807,-3.3631511098193934,7.705817109184743e-4,0.041836471175008716,-0.3421820550581012,0.29441675026482744
ENSG00000086967,MYBPC2,EVsiINS_vs_EVsiCONT,-1.492582813320077,0.39114910059679786,-3.8158922289294814,1.3569172312082332e-4,0.010998103548873556,-0.43022385918393,0.43710030122950716
ENSG00000088367,EPB41L1,EVsiINS_vs_EVsiCONT,0.29807880467085474,0.08062493565294673,3.6971044039519847,2.180726725947182e-4,0.016006346981608886,0.22881416227994017,0.09617439880656405
ENSG00000088826,SMOX,EVsiINS_vs_EVsiCONT,1.4471682292858488,0.25299274646759023,5.720196525362592,1.0640091172900483e-8,4.4382155911937576e-6,1.0976821128119818,0.27879696999202996
ENSG00000089157,RPLP0,EVsiINS_vs_EVsiCONT,-0.4827530917508757,0.10260690671589524,-4.704879108065836,2.5401643018546684e-6,4.137322846697004e-4,-0.4252672073590042,0.10984025800660725
ENSG00000089597,GANAB,EVsiINS_vs_EVsiCONT,-0.33351421291410627,0.09779607767102971,-3.4103025484927367,6.489085150854282e-4,0.03699211141663664,-0.2286682082613707,0.12483738091146922
ENSG00000090520,DNAJB11,EVsiINS_vs_EVsiCONT,-0.42037544138156513,0.09080225130805833,-4.6295706915392145,3.664246203821092e-6,5.497012155942835e-4,-0.37046090151115746,0.10013585717754102
ENSG00000091262,ABCC6,EVsiINS_vs_EVsiCONT,-0.48160241695195877,0.08992379174280772,-5.35567292724262,8.523857889347144e-8,2.657586821831783e-5,-0.4408938327080236,0.092582936728770715
ENSG00000091704,CPA1,EVsiINS_vs_EVsiCONT,-0.45622806785353065,0.1360548719848568,-3.3532652024714693,7.986414285093773e-4,0.04295083556719299,-0.28238621410632725,0.18074906045410055
ENSG00000095539,SEMA4G,EVsiINS_vs_EVsiCONT,-0.47939939629648143,0.0957663841872987,-5.005925621655278,5.559422269333724e-7,1.2676965286686047e-4,-0.43141113687648835,0.10037345240610299
ENSG00000096070,BRPF3,EVsiINS_vs_EVsiCONT,-0.43001879298873746,0.1230589284479482,-3.4944135985275375,4.7510436371612434e-4,0.028812889461961554,-0.29321146741533805,0.16151249825988825
ENSG00000096968,JAK2,EVsiINS_vs_EVsiCONT,0.4954233332992358,0.1456827057982573,3.400701068699963,6.721328484291388e-4,0.03768792122568896,0.30719742231927216,0.19335605595803737
ENSG00000099246,RAB18,EVsiINS_vs_EVsiCONT,-0.6267486200943769,0.10177177986709067,-6.158373381234781,7.349591142529545e-10,4.334231300673803e-7,-0.5729490696576922,0.09958474105457231
ENSG00000099769,IGFALS,EVsiINS_vs_EVsiCONT,-0.8540910413403229,0.14756041973837958,-5.788076794946789,7.119686234794901e-9,3.2042335259858525e-6,-0.7281224084122394,0.14340610162274228
ENSG00000099940,SNAP29,EVsiINS_vs_EVsiCONT,0.2685986051156037,0.06962237529969383,3.8579350957131866,1.1434900181730753e-4,0.009447326710529438,0.21535707891888572,0.07872435535026469
ENSG00000099958,DERL3,EVsiINS_vs_EVsiCONT,-1.3017485691738804,0.18247913079362943,-7.133684621975008,9.771708815090445e-13,1.3926313679639734e-9,-1.1134360379436583,0.19170614551528173
ENSG00000100027,YPEL1,EVsiINS_vs_EVsiCONT,-0.540973994295049,0.13802248466146919,-3.9194628007306775,8.8746557023925e-5,0.007904914678245653,-0.41413411857324356,0.16709854152206663
ENSG00000100033,PRODH,EVsiINS_vs_EVsiCONT,-0.7156687939309673,0.13210155282014593,-5.4175653400936055,6.04160735431659e-8,2.016899828751798e-5,-0.6206138620656312,0.1287269068969305
ENSG00000100077,GRK3,EVsiINS_vs_EVsiCONT,0.4113858450174127,0.11269925665275536,3.650297768023076,2.619364736949623e-4,0.018587707772328817,0.30235179634775383,0.144052711072365
ENSG00000100767,PAPLN,EVsiINS_vs_EVsiCONT,-0.5268756348899818,0.10444486029076039,-5.044533866225979,4.546283087993234e-7,1.0506828833900039e-4,-0.47099051740634573,0.10720352469012291
ENSG00000101347,SAMHD1,EVsiINS_vs_EVsiCONT,0.2641607774511096,0.0725711971687781,3.6400223195540446,2.7261440925231093e-4,0.019107588635381235,0.2026778485334667,0.08443676577570246
ENSG00000101438,SLC32A1,EVsiINS_vs_EVsiCONT,0.5263923378397608,0.12259182700535964,4.293861595004594,1.7559196127514232e-5,0.00212283140394842,0.4386996587765474,0.1367505219066912
ENSG00000101680,LAMA1,EVsiINS_vs_EVsiCONT,-0.7791672720887909,0.14549767564581528,-5.355187075190921,8.546794246330726e-8,2.657586821831783e-5,-0.660750830942385,0.1414271301505855
ENSG00000102580,DNAJC3,EVsiINS_vs_EVsiCONT,-0.563477629583859,0.09629776942591517,-5.851408946884899,4.874261032790683e-9,2.3817032052224644e-6,-0.5173035214535033,0.09538156960547846
ENSG00000103021,CCDC113,EVsiINS_vs_EVsiCONT,-0.9757002876433902,0.21630651550471877,-4.5107299951956605,6.460491113265297e-6,8.982708863338464e-4,-0.6957126623676955,0.22767275578674154
ENSG00000103319,EEF2K,EVsiINS_vs_EVsiCONT,-0.4965596753236619,0.10027222156638554,-4.952116025422983,7.341081005685442e-7,1.5126164742076197e-4,-0.4441282298882113,0.1047081212757743
ENSG00000103460,TOX3,EVsiINS_vs_EVsiCONT,-0.24959582665717525,0.07040492514179927,-3.5451472486402897,3.9239381412473133e-4,0.02485451484874502,-0.18853140235985175,0.08197563303343791
ENSG00000103742,IGDCC4,EVsiINS_vs_EVsiCONT,-1.1700828792207532,0.11247357349197296,-10.403180435129146,2.3979332314107414e-25,1.0252363530896626e-21,-1.096136306944833,0.11435246339807338
ENSG00000103942,HOMER2,EVsiINS_vs_EVsiCONT,0.24977634086826156,0.06983745722070582,3.576538304922797,3.481743180273296e-4,0.02255483782917951,0.19024306660598278,0.08089324642079253
ENSG00000104369,JPH1,EVsiINS_vs_EVsiCONT,0.3320747493318957,0.09930692075012842,3.343923533460947,8.26025016964548e-4,0.044145874500399064,0.22077044770448806,0.12735925278085242
ENSG00000104626,ERI1,EVsiINS_vs_EVsiCONT,-0.34254689204228495,0.09782302123694654,-3.5017001899028366,4.6229951855193327e-4,0.028136108065036164,-0.24322751107324372,0.12427443862672896
ENSG00000106829,TLE4,EVsiINS_vs_EVsiCONT,-0.44916079952470234,0.08775466698221916,-5.118369369639466,3.081885814264709e-7,7.42343819655705e-5,-0.40821787443695307,0.09261376443964715
ENSG00000106868,SUSD1,EVsiINS_vs_EVsiCONT,0.42298986977934205,0.09950506822159308,4.250937940541517,2.1287715251970303e-5,0.0024766156887020144,0.35750618080678515,0.11444873110166147
ENSG00000107897,ACBD5,EVsiINS_vs_EVsiCONT,0.4257434519158376,0.11525654700032394,3.693876512842616,2.2086108826290288e-4,0.016141736459282758,0.31644138555221807,0.1465879381924314
ENSG00000108179,PPIF,EVsiINS_vs_EVsiCONT,0.37934226349792055,0.08082902983144918,4.6931438406344075,2.6903818203255747e-6,4.3021176797292294e-4,0.33583153495339424,0.08961208232581157
ENSG00000108551,RASD1,EVsiINS_vs_EVsiCONT,0.7853854612704616,0.1392397033566485,5.6405281132980845,1.6952938509342196e-8,6.90307510444691e-6,0.6761418345750712,0.13509560142219412
ENSG00000108578,BLMH,EVsiINS_vs_EVsiCONT,0.23727064671694498,0.06851627425822171,3.462982324793782,5.3422348736335e-4,0.03161346048750177,0.17681876040553882,0.07994407012821443
ENSG00000108774,RAB5C,EVsiINS_vs_EVsiCONT,-0.5047193802797335,0.08416432476216337,-5.996832763834321,2.0120307612684713e-9,1.0753046899754186e-6,-0.4705088959599264,0.08447699681354648
ENSG00000108830,RND2,EVsiINS_vs_EVsiCONT,0.6438601649386603,0.1872848138600425,3.437866379384158,5.863169441467479e-4,0.033990482639992145,0.3580761567702429,0.2438076096800257
ENSG00000109787,KLF3,EVsiINS_vs_EVsiCONT,0.33676367946516345,0.09537810860463977,3.5308278219388094,4.142613148354839e-4,0.025951271085408224,0.24237775487968038,0.12026599015626452
ENSG00000109956,B3GAT1,EVsiINS_vs_EVsiCONT,0.7330253612751125,0.16504165248109157,4.441456748980949,8.935190803440247e-6,0.0011938252587533993,0.5769854144605187,0.1734514449482265
ENSG00000110328,GALNT18,EVsiINS_vs_EVsiCONT,-0.4081873526527416,0.11099355779387422,-3.677576976231224,2.354600306979621e-4,0.016990875295344085,-0.3032723066507267,0.14110433246190746
ENSG00000110536,PTPMT1,EVsiINS_vs_EVsiCONT,-0.3791945983865234,0.08033564445871412,-4.720128915893593,2.3569521897676043e-6,4.030859634940557e-4,-0.3363904960565661,0.08891603518567316
ENSG00000110665,C11orf21,EVsiINS_vs_EVsiCONT,-0.7964851395648299,0.15319415380137202,-5.199187565587744,2.001614668021448e-7,5.433589532143302e-5,-0.6646067136808183,0.14928642269989925
ENSG00000111186,WNT5B,EVsiINS_vs_EVsiCONT,-0.8348450076715047,0.11541694269381557,-7.233296846947572,4.714074261307163e-13,7.329099819715917e-10,-0.7559917123009787,0.11340790753573031
ENSG00000111305,GSG1,EVsiINS_vs_EVsiCONT,-1.4451443838193574,0.22399338560934973,-6.451727937804943,1.1058196842483887e-10,7.87988676667331e-8,-1.178613105564443,0.24728593318119038
ENSG00000112139,MDGA1,EVsiINS_vs_EVsiCONT,-0.6004965357995385,0.15896206850208242,-3.777608969599386,1.5834123075860018e-4,0.012434929076130715,-0.42354196787425546,0.19870807454850625
ENSG00000112182,BACH2,EVsiINS_vs_EVsiCONT,-0.6548509769037876,0.13978966864979214,-4.684544882528852,2.805826815005344e-6,4.443078721316796e-4,-0.5485983911527743,0.14275008507073458
ENSG00000112308,C6orf62,EVsiINS_vs_EVsiCONT,0.2229040583907009,0.06746379096058362,3.304054741319455,9.52972222385459e-4,0.04879560163843149,0.159936404955745,0.07988432268807687
ENSG00000112759,SLC29A1,EVsiINS_vs_EVsiCONT,-0.5652932728184134,0.08860317824059692,-6.380056382214546,1.770227975288053e-10,1.2109775533350514e-7,-0.5263608653701002,0.08735559151265916
ENSG00000113273,ARSB,EVsiINS_vs_EVsiCONT,-0.47374366870530427,0.1335435869767643,-3.5474834803391384,3.889301415186731e-4,0.02481896746362816,-0.32413333861869076,0.17488547271533678
ENSG00000115318,LOXL3,EVsiINS_vs_EVsiCONT,-0.3510824891419097,0.08680863337383185,-4.044326877374184,5.247366588888447e-5,0.005098889966089217,-0.2880083210338499,0.10206045957178494
ENSG00000117114,ADGRL2,EVsiINS_vs_EVsiCONT,-0.5326388658782623,0.14709981428835758,-3.6209349988310535,2.9354026366600755e-4,0.019960462594175686,-0.36500418516968114,0.19048437468364152
ENSG00000117152,RGS4,EVsiINS_vs_EVsiCONT,0.4586179806938305,0.09466457010775028,4.844663427635245,1.2682648799592184e-6,2.4099851085625058e-4,0.4096580779164631,0.10116474791520418
ENSG00000117394,SLC2A1,EVsiINS_vs_EVsiCONT,-0.4674862656121905,0.12023793626281358,-3.8880097259018878,1.010695777308182e-4,0.008729757163396227,-0.3645893752202763,0.14736823818963604
ENSG00000118495,PLAGL1,EVsiINS_vs_EVsiCONT,-0.354416815840324,0.10440530358217982,-3.3946246376397373,6.872275115099139e-4,0.03815897695403424,-0.23866749907654147,0.13503809313125226
ENSG00000118508,RAB32,EVsiINS_vs_EVsiCONT,0.4012618874462321,0.1208147714374916,3.321298237557327,8.959973822740372e-4,0.0467175220477152,0.25269024377886307,0.15945840382308044
ENSG00000118523,CTGF,EVsiINS_vs_EVsiCONT,0.9080752966739224,0.16884193561177144,5.3782568494234475,7.52104684921326e-8,2.4268857210423618e-5,0.7426134966728415,0.16440766238099871
ENSG00000118961,LDAH,EVsiINS_vs_EVsiCONT,-0.3573276420676096,0.09699150281947415,-3.6841128519545387,2.2950055227747087e-4,0.016701780617231092,-0.2694535809013628,0.12095007346697173
ENSG00000119698,PPP4R4,EVsiINS_vs_EVsiCONT,0.5163261379428982,0.1070656408249215,4.822519474639092,1.4175618442552556e-6,2.606789533382084e-4,0.45598282121211814,0.1119996040253517
ENSG00000119771,KLHL29,EVsiINS_vs_EVsiCONT,0.2687583733443475,0.06787145399690675,3.9598145835596243,7.500797793613428e-5,0.007029068555588054,0.21910877860562086,0.07576109340061411
ENSG00000120217,CD274,EVsiINS_vs_EVsiCONT,0.8397326790781025,0.197039074159793,4.26175712943669,2.0282580570148973e-5,0.0023758403624019706,0.6039286091204737,0.21665323457805047
ENSG00000120278,PLEKHG1,EVsiINS_vs_EVsiCONT,0.979664354759285,0.23143413556427678,4.2330158097494675,2.3057828908290476e-5,0.0026644256080377276,0.6434179849903926,0.261316604421998
ENSG00000120509,PDZD11,EVsiINS_vs_EVsiCONT,-0.390973064528567,0.09118711936357549,-4.287590914783744,1.8062134010688662e-5,0.002160130180774808,-0.3325528444628478,0.10468068570323688
ENSG00000120693,SMAD9,EVsiINS_vs_EVsiCONT,0.7472960330446085,0.16661344365016076,4.485208496222612,7.2842670720575236e-6,9.966042837306222e-4,0.5886661913407119,0.1735591144198321
ENSG00000120800,UTP20,EVsiINS_vs_EVsiCONT,0.3591141139208047,0.0986139923086588,3.6416141919981135,2.7093389912305027e-4,0.019067948735812367,0.26701322443115005,0.12392332504799144
ENSG00000120992,LYPLA1,EVsiINS_vs_EVsiCONT,-0.2908465683227974,0.08592288612360188,-3.3849720539462385,7.118550153320643e-4,0.03939852580002901,-0.20212855139836397,0.1065585981471972
ENSG00000123091,RNF11,EVsiINS_vs_EVsiCONT,-0.41386302650209617,0.09865998468150695,-4.194841787560824,2.730621173861755e-5,0.003002795345664315,-0.3471798546580591,0.1145285559133824
ENSG00000123191,ATP7B,EVsiINS_vs_EVsiCONT,0.5794853022525464,0.14340512755060356,4.040896669110124,5.324721776184752e-5,0.005115920888556833,0.4507621074336945,0.1677172713557025
ENSG00000124493,GRM4,EVsiINS_vs_EVsiCONT,-0.5145139086025791,0.10859710056436128,-4.737823624468193,2.160257003816571e-6,3.7317894221485854e-4,-0.45162762037050197,0.1145130746638146
ENSG00000124532,MRS2,EVsiINS_vs_EVsiCONT,0.21850451973055293,0.061084364312491854,3.577094108939894,3.474351149126253e-4,0.02255483782917951,0.17081509298095446,0.06859461296199405
ENSG00000124831,LRRFIP1,EVsiINS_vs_EVsiCONT,0.5543670789517468,0.11232237700540633,4.935499886412338,7.994572716145177e-7,1.6276569356132718e-4,0.48900017556482644,0.11499125109439455
ENSG00000125430,HS3ST3B1,EVsiINS_vs_EVsiCONT,0.6968330044806432,0.1924371742803813,3.621093518372684,2.933604412681414e-4,0.019960462594175686,0.41989656246170964,0.24650595694115782
ENSG00000125457,MIF4GD,EVsiINS_vs_EVsiCONT,-0.5959225841556789,0.11327433029274109,-5.260879341467774,1.4336809494074456e-7,4.019477310945268e-5,-0.5299834132061615,0.11279343089950641
ENSG00000125741,OPA3,EVsiINS_vs_EVsiCONT,-0.49608433906256727,0.07407583670578412,-6.6969792191875595,2.127718642902891e-11,1.819412211546262e-8,-0.47018110334089325,0.07393457082536783
ENSG00000125816,NKX2-4,EVsiINS_vs_EVsiCONT,0.5970554621194791,0.12530593143008895,4.764782124081573,1.8905782229511241e-6,3.3679863300948047e-4,0.5136990123889245,0.12845564183952163
ENSG00000125844,RRBP1,EVsiINS_vs_EVsiCONT,-1.022542584911742,0.0869846374878994,-11.755438827390524,6.621584354351932e-32,5.662116781406337e-28,-0.976345034094139,0.08739336249016362
ENSG00000125952,MAX,EVsiINS_vs_EVsiCONT,-0.45678031528478896,0.08571694656486897,-5.328938250723924,9.878857393070126e-8,2.9640038444962333e-5,-0.4190014853170104,0.08929341596157518
ENSG00000126767,ELK1,EVsiINS_vs_EVsiCONT,-0.9503610633373818,0.1334772031074905,-7.12002530178915,1.0790725259176507e-12,1.3939888321841723e-9,-0.8427374432750534,0.13224144854525666
ENSG00000127022,CANX,EVsiINS_vs_EVsiCONT,-0.40381853125022116,0.08807199819367086,-4.585095598287912,4.5377876444036e-6,6.521449100385746e-4,-0.3545983570593331,0.09794178629542213
ENSG00000127325,BEST3,EVsiINS_vs_EVsiCONT,0.796174706383356,0.22194712884540563,3.587226879325486,3.342135076637306e-4,0.02194424037442012,0.4233663643801175,0.28138176077823907
ENSG00000128228,SDF2L1,EVsiINS_vs_EVsiCONT,-0.562933522617635,0.13157337616281975,-4.278475927538825,1.8817733615290636e-5,0.0022348672242270863,-0.4625516857501722,0.14599784708639635
ENSG00000128294,TPST2,EVsiINS_vs_EVsiCONT,0.513058356958459,0.10574570027277362,4.851812940242605,1.2233798387842256e-6,2.3508137081896431e-4,0.45436703302596265,0.11049874774600192
ENSG00000128512,DOCK4,EVsiINS_vs_EVsiCONT,0.5941891238188363,0.1540085783802013,3.858156020062469,1.1424571326778193e-4,0.009447326710529438,0.4341079306303264,0.18873769891352354
ENSG00000128594,LRRC4,EVsiINS_vs_EVsiCONT,0.4455731242555508,0.12939658937010012,3.4434688458528266,5.743027567800088e-4,0.033426288854962974,0.29325706357735987,0.17103833528653742
ENSG00000129680,MAP7D3,EVsiINS_vs_EVsiCONT,0.5514571735905325,0.12010815927903457,4.591338148055291,4.404131095547951e-6,6.383004236954328e-4,0.47330827475806964,0.1270771193723179
ENSG00000129965,INS-IGF2,EVsiINS_vs_EVsiCONT,-2.093913315589461,0.5394428806415285,-3.8816219302019337,1.0376210463854593e-4,0.008872697567642062,-0.33810955486159056,0.5303254576265797
ENSG00000129993,CBFA2T3,EVsiINS_vs_EVsiCONT,-0.7134280382163564,0.1008229754578444,-7.076046258073899,1.4832536821820163e-12,1.691106964845123e-9,-0.6566641151381083,0.09859365757432496
ENSG00000130175,PRKCSH,EVsiINS_vs_EVsiCONT,-0.2687488910209936,0.07489383311902889,-3.588398134114334,3.3271594191381065e-4,0.02194424037442012,-0.20291650589852606,0.08830215456574048
ENSG00000130558,OLFM1,EVsiINS_vs_EVsiCONT,-0.30354714577451447,0.06286988097056329,-4.8281806977913675,1.3778604141736193e-6,2.5613226959996996e-4,-0.2688631994394124,0.06850259450125105
ENSG00000130600,H19,EVsiINS_vs_EVsiCONT,-0.6984254485764892,0.10676550125436597,-6.541677230667509,6.083268505259852e-11,4.728911726225181e-8,-0.6359053424923593,0.10410463024754768
ENSG00000130703,OSBPL2,EVsiINS_vs_EVsiCONT,-0.22284847187358509,0.056566406035291485,-3.9395904299550355,8.162083237248712e-5,0.007424890825714227,-0.1848939272585413,0.060277616122001415
ENSG00000130707,ASS1,EVsiINS_vs_EVsiCONT,-0.649902212318441,0.16626743434084731,-3.9087763331100973,9.276479827388177e-5,0.00816918954420357,-0.46800775379726406,0.20061670864664266
ENSG00000130714,POMT1,EVsiINS_vs_EVsiCONT,-0.3216684115457522,0.09561154483112297,-3.3643260561672714,7.673083463450676e-4,0.041791424647112566,-0.21731080815513173,0.12162482243525803
ENSG00000130829,DUSP9,EVsiINS_vs_EVsiCONT,-0.6919601413391133,0.13564747860062157,-5.101164787414947,3.375694820296769e-7,8.018212891210465e-5,-0.5926967266007463,0.13359514858073757
ENSG00000132334,PTPRE,EVsiINS_vs_EVsiCONT,-0.6235503646379262,0.1411547873990616,-4.41749356240447,9.985204357017284e-6,0.0013135920377977661,-0.5117449555315675,0.1507293876624086
ENSG00000134198,TSPAN2,EVsiINS_vs_EVsiCONT,0.6369903768653208,0.12788657043815088,4.98090123679863,6.328883530309195e-7,1.387648283786511e-4,0.5504628225819844,0.12781939265390788
ENSG00000134333,LDHA,EVsiINS_vs_EVsiCONT,-0.7623233266656704,0.11272561861319426,-6.762644872072073,1.3549507799412312e-11,1.2831371466437263e-8,-0.6898080700863164,0.11006501692327349
ENSG00000134910,STT3A,EVsiINS_vs_EVsiCONT,-0.3134320087909879,0.06582554110941836,-4.761556130165132,1.9210584944070884e-6,3.387004368180415e-4,-0.27675523502828303,0.07220956552724124
ENSG00000134954,ETS1,EVsiINS_vs_EVsiCONT,0.31420588071605154,0.09305576621995737,3.3765331637091482,7.340552216786235e-4,0.040496169035960705,0.21440817385946348,0.11763277199990563
ENSG00000135144,DTX1,EVsiINS_vs_EVsiCONT,-0.5087937378266477,0.11843077519587128,-4.296127733565534,1.7380745732422943e-5,0.00212283140394842,-0.4262552227552364,0.13263690187744404
ENSG00000135506,OS9,EVsiINS_vs_EVsiCONT,-0.32319239620544393,0.09500897756251872,-3.4017037599712485,6.69671859940929e-4,0.037673447857597915,-0.22192468575487426,0.12056430712872993
ENSG00000135679,MDM2,EVsiINS_vs_EVsiCONT,-0.29385675905427505,0.07722540430663234,-3.805182526302912,1.4169965817260812e-4,0.011324053990971701,-0.23156879249048296,0.09025741642333404
ENSG00000135821,GLUL,EVsiINS_vs_EVsiCONT,-0.43272131623040816,0.08164875857291162,-5.299790514806074,1.1593562472772645e-7,3.3605611086331826e-5,-0.3971925915776348,0.08608256875140821
ENSG00000135835,KIAA1614,EVsiINS_vs_EVsiCONT,-0.42068053802861405,0.12004759933425758,-3.5042811381615513,4.578417329896788e-4,0.027964318991391023,-0.2895472031620312,0.15711231168299927
ENSG00000136521,NDUFB5,EVsiINS_vs_EVsiCONT,-0.32211078976117913,0.08596526623220527,-3.7469876367405046,1.789709034159184e-4,0.01354318756734087,-0.24896451932209018,0.10382234221098599
ENSG00000136731,UGGT1,EVsiINS_vs_EVsiCONT,-0.2840335422169913,0.08134330971540302,-3.491787378835991,4.7980001614721985e-4,0.028994840551765915,-0.20639256334442552,0.09885101498199383
ENSG00000136999,NOV,EVsiINS_vs_EVsiCONT,0.5704581535526108,0.1466144998557238,3.8908713266011947,9.988489370232636e-5,0.008671225645163379,0.42685542424707035,0.17840541833307316
ENSG00000137168,PPIL1,EVsiINS_vs_EVsiCONT,-0.3281256593022457,0.0820329787328182,-3.9999237425103447,6.33628978936509e-5,0.006053811618867139,-0.26725643202747495,0.09589555341759906
ENSG00000137198,GMPR,EVsiINS_vs_EVsiCONT,-0.7395638766286069,0.22328433488189173,-3.312206729683056,9.256311830236776e-4,0.04768115810864739,-0.3261282845774613,0.27710626860224197
ENSG00000137474,MYO7A,EVsiINS_vs_EVsiCONT,-0.4147663627320339,0.10523624019080811,-3.9412883050554077,8.104514355111885e-5,0.00741194676476596,-0.33180072096949015,0.12750938352517963
ENSG00000137575,SDCBP,EVsiINS_vs_EVsiCONT,0.22450452359648101,0.062038318531216774,3.6188041344723683,2.959675310130232e-4,0.019960462594175686,0.17619261523941182,0.0695259772263785
ENSG00000137834,SMAD6,EVsiINS_vs_EVsiCONT,0.7539157877252817,0.21312886314945376,3.5373706619764977,4.041320674248305e-4,0.025503566852765502,0.40333000925299933,0.2721394992976454
ENSG00000137868,STRA6,EVsiINS_vs_EVsiCONT,-0.47112234125030855,0.13130971993429005,-3.587871038686758,3.333891071140175e-4,0.02194424037442012,-0.32912772634517823,0.17090824500048582
ENSG00000138029,HADHB,EVsiINS_vs_EVsiCONT,-0.3581607663047169,0.07194355878098826,-4.978357651100297,6.412607958713147e-7,1.3882078646824334e-4,-0.3225723027902205,0.07882406682579696
ENSG00000138162,TACC2,EVsiINS_vs_EVsiCONT,0.46692102275068176,0.10465023460979038,4.461729345296659,8.130087089344395e-6,0.001103498011126729,0.4030127270422174,0.11569970493171686
ENSG00000138759,FRAS1,EVsiINS_vs_EVsiCONT,-0.8083065434649276,0.1890601815920833,-4.275392822846916,1.9080057341009325e-5,0.002250394073420286,-0.5933467749312307,0.20663420211591366
ENSG00000139318,DUSP6,EVsiINS_vs_EVsiCONT,-0.48080981398031797,0.11605783482176041,-4.142846665360742,3.4302129891931715e-5,0.0036664689088238512,-0.3956299242515126,0.134610123685627
ENSG00000139508,SLC46A3,EVsiINS_vs_EVsiCONT,-0.7176272687292934,0.21381801600994535,-3.356252583953984,7.900637666225039e-4,0.042758451065753364,-0.3407449163291419,0.2704574334632478
ENSG00000139540,SLC39A5,EVsiINS_vs_EVsiCONT,-1.1036404501798915,0.3089224113246825,-3.5725489952230993,3.535233135536096e-4,0.022814927201486156,-0.39176257508323536,0.3573601006256529
ENSG00000139641,ESYT1,EVsiINS_vs_EVsiCONT,0.45248981350244066,0.08048076414201476,5.622334955766401,1.88393526258165e-8,7.322513831970768e-6,0.4199581878922691,0.08312613619994615
ENSG00000140450,ARRDC4,EVsiINS_vs_EVsiCONT,-0.47039217451083454,0.11536902231945857,-4.077283182727435,4.556498547755071e-5,0.004530537102541118,-0.3832172610337274,0.13579751746672086
ENSG00000141905,NFIC,EVsiINS_vs_EVsiCONT,-0.3845416984687329,0.11295502267136891,-3.4043789233482573,6.631469160841875e-4,0.037553438936661514,-0.25625628284982715,0.14782733395706055
ENSG00000143036,SLC44A3,EVsiINS_vs_EVsiCONT,-0.34448367285629683,0.08464312147122109,-4.069836590010711,4.704612458049353e-5,0.004650767760552604,-0.28380328481617106,0.09891023548711401
ENSG00000143507,DUSP10,EVsiINS_vs_EVsiCONT,0.46719842658102273,0.09399884792663471,4.970256943421978,6.686423343128073e-7,1.429390150177204e-4,0.4202623770152818,0.09924929268408463
ENSG00000143641,GALNT2,EVsiINS_vs_EVsiCONT,0.3088109011708129,0.0632774652348433,4.88026661663382,1.0594251836892436e-6,2.0825620105118902e-4,0.2745920822583262,0.06901928493853839
ENSG00000143643,TTC13,EVsiINS_vs_EVsiCONT,-0.2996523541221935,0.07978592210613802,-3.7557045931432667,1.7285448549596554e-4,0.01319713129889287,-0.2332324795485,0.09445140912234402
ENSG00000143847,PPFIA4,EVsiINS_vs_EVsiCONT,-0.5711572232024474,0.15180592236099946,-3.7624172648825707,1.6827898500711063e-4,0.013022204532088716,-0.4075363549108962,0.1906826654154084
ENSG00000143870,PDIA6,EVsiINS_vs_EVsiCONT,-0.32188623307187153,0.05934621472761568,-5.423871337864581,5.8321869002822306e-8,1.9948412073725344e-5,-0.29469627807006465,0.06411763357332156
ENSG00000145050,MANF,EVsiINS_vs_EVsiCONT,-0.5965820614589782,0.10346528486115712,-5.766011877892646,8.116934121971768e-9,3.559379675742594e-6,-0.5421155520435481,0.10191610535258971
ENSG00000145284,SCD5,EVsiINS_vs_EVsiCONT,-0.8834287925980773,0.2176071011679364,-4.059742480169793,4.91268673125947e-5,0.004828549912528704,-0.5775845220344529,0.2543613416533875
ENSG00000145495,MARCH6,EVsiINS_vs_EVsiCONT,-0.42488062126771325,0.10992496363879335,-3.865187735370509,1.1100378460963313e-4,0.009275860038107998,-0.3329690290951629,0.13525372252111048
ENSG00000145604,SKP2,EVsiINS_vs_EVsiCONT,-0.3286413896713876,0.09082558559238842,-3.618378979093851,2.964540696363364e-4,0.019960462594175686,-0.2444865418710168,0.1124503314929785
ENSG00000145626,UGT3A1,EVsiINS_vs_EVsiCONT,-0.4939469812124951,0.12361445916222874,-3.9958673488531837,6.44578209785777e-5,0.0061242091909757546,-0.39277917938163925,0.14762920294638188
ENSG00000146386,ABRACL,EVsiINS_vs_EVsiCONT,-0.5787207784199433,0.15320831607390245,-3.777345729332265,1.5850862697909578e-4,0.012434929076130715,-0.41360647010953205,0.19170585708594012
ENSG00000146457,WTAP,EVsiINS_vs_EVsiCONT,-0.3004916164113427,0.07746717824433771,-3.878953941804463,1.0490661354405434e-4,0.008925934849902574,-0.24002174369554943,0.09013570808547933
ENSG00000147041,SYTL5,EVsiINS_vs_EVsiCONT,0.6105180552329812,0.1403458567765121,4.350096748528709,1.3607748041495815e-5,0.001723849681523418,0.4985507923850613,0.1521325082965818
ENSG00000147164,SNX12,EVsiINS_vs_EVsiCONT,-0.9474837759383239,0.11754091639544356,-8.06088471141997,7.574423995154388e-16,2.1589633194188394e-12,-0.8633031596852299,0.11700819074392878
ENSG00000147535,PLPP5,EVsiINS_vs_EVsiCONT,-0.3164827763183064,0.07012244874555211,-4.51328757024306,6.383038026874232e-6,8.947763634065829e-4,-0.2742898301312041,0.07784995351298978
ENSG00000148123,PLPPR1,EVsiINS_vs_EVsiCONT,-0.8323980683511086,0.10524412276978316,-7.90921190128538,2.5902339400706882e-15,6.328311549012702e-12,-0.7663076389058877,0.10381230620167683
ENSG00000149428,HYOU1,EVsiINS_vs_EVsiCONT,-0.4684532373358121,0.07417997077102716,-6.315090616330874,2.7000322078609085e-10,1.7759981084168174e-7,-0.44225302912957454,0.07497065033289599
ENSG00000149679,CABLES2,EVsiINS_vs_EVsiCONT,-0.5211724026086261,0.09583212087457998,-5.438389527982053,5.376432934874962e-8,1.8764848173924817e-5,-0.47550378782326436,0.09691650429385906
ENSG00000150625,GPM6A,EVsiINS_vs_EVsiCONT,0.56751910224616,0.161206588370309,3.5204460809164146,4.308215755442971e-4,0.026598955180355845,0.35888839613427725,0.21132005549056024
ENSG00000150712,MTMR12,EVsiINS_vs_EVsiCONT,0.3892920090337509,0.09897685567875156,3.9331620141305867,8.383569003154866e-5,0.007586021010156324,0.3118869203316287,0.11968718316815935
ENSG00000151632,AKR1C2,EVsiINS_vs_EVsiCONT,0.45475533790874373,0.12435256956146319,3.6569838445033,2.552004581517594e-4,0.018185159313797456,0.3298038879194012,0.1597687549691214
ENSG00000152348,ATG10,EVsiINS_vs_EVsiCONT,-0.405114182687466,0.11294924668547453,-3.5866922053546055,3.348992362135219e-4,0.02194424037442012,-0.29108744397474073,0.14563951107631012
ENSG00000152818,UTRN,EVsiINS_vs_EVsiCONT,-0.4250449407266575,0.12733434954812253,-3.3380226328169478,8.437687625014008e-4,0.044814078808381855,-0.26625359375898383,0.1687409655598924
ENSG00000152910,CNTNAP4,EVsiINS_vs_EVsiCONT,-0.9075811917653073,0.16760834130195013,-5.414892747672264,6.132545380370336e-8,2.016899828751798e-5,-0.7444206975050237,0.16316811018520733
ENSG00000152969,JAKMIP1,EVsiINS_vs_EVsiCONT,0.6815909124481327,0.1799138717190825,3.7884289073183237,1.5160296066242453e-4,0.012003304783559186,0.45695061046692886,0.22375658228706274
ENSG00000153140,CETN3,EVsiINS_vs_EVsiCONT,-0.6585675582445231,0.138021684533028,-4.771478919944139,1.8287812325218374e-6,3.2921912251145753e-4,-0.5556500780890921,0.1395878312385134
ENSG00000153789,FAM92B,EVsiINS_vs_EVsiCONT,-0.8376116525116557,0.1357341923339888,-6.170970174196202,6.787222599209627e-10,4.145538603274395e-7,-0.7305924764740358,0.1322235063043817
ENSG00000154134,ROBO3,EVsiINS_vs_EVsiCONT,-1.2583718213668078,0.24354775821647504,-5.1668380385924815,2.3808740222274289e-7,6.362141801270857e-5,-0.9126400843736253,0.25180905212288557
ENSG00000154548,SRSF12,EVsiINS_vs_EVsiCONT,0.544286346939243,0.11547868499561316,4.713305723562055,2.4373009554521412e-6,4.1270020732814375e-4,0.47336972213721074,0.12080537734313611
ENSG00000154640,BTG3,EVsiINS_vs_EVsiCONT,0.4258818802725761,0.09645794820345638,4.415207748088047,1.0091302974413602e-5,0.001317415751667339,0.36740760896861363,0.10852753351197836
ENSG00000155330,C16orf87,EVsiINS_vs_EVsiCONT,-0.3698339239510746,0.09341227450992627,-3.9591576791310756,7.521456821848988e-5,0.007029068555588054,-0.298419442001832,0.11192962362601115
ENSG00000155465,SLC7A7,EVsiINS_vs_EVsiCONT,-0.6260422063105483,0.1346537192109705,-4.649275266802608,3.3310340844571817e-6,5.041357956848382e-4,-0.5278652410925277,0.1388171029353357
ENSG00000155660,PDIA4,EVsiINS_vs_EVsiCONT,-0.6891795011453059,0.09689949470514027,-7.1123126414894164,1.1411439393391656e-12,1.3939888321841723e-9,-0.6375442303025323,0.09478891669383843
ENSG00000156599,ZDHHC5,EVsiINS_vs_EVsiCONT,-0.37647367746284693,0.09882694949805654,-3.8094232329841407,1.3929134552627842e-4,0.011183852540800064,-0.29322623824368854,0.12166164739611465
ENSG00000158023,WDR66,EVsiINS_vs_EVsiCONT,-0.6033983415315287,0.17067919778857063,-3.535277581272618,4.0734700802493273e-4,0.025611943129567646,-0.3738727870251081,0.22268716936663382
ENSG00000158246,TENT5B,EVsiINS_vs_EVsiCONT,0.4602399058240605,0.1377239686129387,3.3417560534980293,8.32501918001034e-4,0.04435341994284637,0.28188625415722846,0.1829995633492838
ENSG00000158856,DMTN,EVsiINS_vs_EVsiCONT,-0.3469022497228486,0.07883317362221993,-4.400460285732689,1.0802149724480002e-5,0.001389010260060579,-0.298339308605178,0.0891385911059094
ENSG00000160216,AGPAT3,EVsiINS_vs_EVsiCONT,-0.3690057112601906,0.08801163267516451,-4.192692488981836,2.7566300389971784e-5,0.003002795345664315,-0.3098142561927054,0.10204230361043704
ENSG00000160233,LRRC3,EVsiINS_vs_EVsiCONT,-0.4984440197541399,0.11508855236342118,-4.330960895052159,1.4846004858907273e-5,0.0018668851110075896,-0.420742355663035,0.12847537518793906
ENSG00000161654,LSM12,EVsiINS_vs_EVsiCONT,0.22830353276512935,0.06675587687586107,3.4199765391394914,6.262653654531377e-4,0.03606192013461132,0.1693956469352745,0.07784679087668854
ENSG00000161671,EMC10,EVsiINS_vs_EVsiCONT,-0.3746955196554383,0.10658704301289182,-3.5153946395728273,4.391009532375357e-4,0.026915786746481492,-0.2642950820168222,0.1373963007938628
ENSG00000161905,ALOX15,EVsiINS_vs_EVsiCONT,0.9514640655993155,0.1855422525687583,5.1280182946292605,2.928079944101185e-7,7.228029073072229e-5,0.7509644429891724,0.18200590705249695
ENSG00000162545,CAMK2N1,EVsiINS_vs_EVsiCONT,-0.4209469624638132,0.08946127614318833,-4.70535387612917,2.5342597124140123e-6,4.137322846697004e-4,-0.3732649329264022,0.09803173640652554
ENSG00000163377,FAM19A4,EVsiINS_vs_EVsiCONT,0.4671856978645459,0.08374656303453032,5.5785656262922245,2.4250998247422787e-8,9.016099391900532e-6,0.43225265607823193,0.08607359654607002
ENSG00000163703,CRELD1,EVsiINS_vs_EVsiCONT,-0.47264498307020025,0.11197479888323503,-4.2209942574941755,2.4322713360424688e-5,0.002744978153260467,-0.394807585822648,0.12820010871211496
ENSG00000163818,LZTFL1,EVsiINS_vs_EVsiCONT,-0.5526047488984264,0.09167338049696075,-6.0279739429566135,1.6602780960447424e-9,9.159379354373285e-7,-0.5111548562569521,0.09082825066415338
ENSG00000163902,RPN1,EVsiINS_vs_EVsiCONT,-0.250657986884642,0.07545896251513903,-3.321778865358154,8.944555172515997e-4,0.0467175220477152,-0.17549794265068103,0.09110623875313152
ENSG00000163932,PRKCD,EVsiINS_vs_EVsiCONT,0.2867681608891115,0.07681759956760535,3.733104946044736,1.891337429095699e-4,0.014124739175718187,0.2228491981442444,0.090142175065209
ENSG00000164010,ERMAP,EVsiINS_vs_EVsiCONT,-0.40427140756490376,0.10811762368087421,-3.7391814007878397,1.8462047094631773e-4,0.013848154798789147,-0.3069098116703591,0.13582161870769946
ENSG00000164076,CAMKV,EVsiINS_vs_EVsiCONT,-0.36757133837531997,0.09480681014115896,-3.8770562771602455,1.0572790947208462e-4,0.00895128073164154,-0.29142657584463777,0.11502671654406947
ENSG00000164099,PRSS12,EVsiINS_vs_EVsiCONT,0.2651829546699606,0.08038153611897902,3.299053084497446,9.701156410381995e-4,0.04937773122927169,0.1813277145028952,0.09850288659260939
ENSG00000164124,TMEM144,EVsiINS_vs_EVsiCONT,-0.7319759643855173,0.20133464209173665,-3.6356185740355493,2.7731439954402826e-4,0.019305658318322844,-0.43090032071658685,0.2566485690984263
ENSG00000164326,CARTPT,EVsiINS_vs_EVsiCONT,0.9510797012854102,0.27578153710860676,3.4486706806295784,5.633533072216163e-4,0.03299475431542494,0.3620368607037779,0.3256593683625083
ENSG00000164626,KCNK5,EVsiINS_vs_EVsiCONT,0.9278496267258456,0.2430718438474302,3.817182656944144,1.349842390761548e-4,0.010992859317525713,0.51193711762057,0.30002127560464015
ENSG00000164627,KIF6,EVsiINS_vs_EVsiCONT,-0.5060578644478201,0.1427364887268297,-3.5453994207207793,3.9201856349009535e-4,0.02485451484874502,-0.339283607447715,0.18709146759037934
ENSG00000165138,ANKS6,EVsiINS_vs_EVsiCONT,-0.3996744691614856,0.11497103766663476,-3.476305661608144,5.083725207510575e-4,0.03050591877152486,-0.2740715356996067,0.15018665094754305
ENSG00000165272,AQP3,EVsiINS_vs_EVsiCONT,0.6482125638816141,0.1388270373011344,4.66920980583598,3.023604701330571e-6,4.7008806911050385e-4,0.543461518290591,0.1421810721304059
ENSG00000165389,SPTSSA,EVsiINS_vs_EVsiCONT,-0.6272560742177288,0.08424343967518792,-7.445755736425295,9.63910096567746e-14,1.6484790471501591e-10,-0.5899186678946708,0.08266611686216414
ENSG00000165434,PGM2L1,EVsiINS_vs_EVsiCONT,0.5152622748025408,0.12385273059821147,4.160281911539717,3.178550082251307e-5,0.0034188404721170974,0.4213415598995962,0.1422108214857439
ENSG00000165912,PACSIN3,EVsiINS_vs_EVsiCONT,-0.5947744764567748,0.10244905111947007,-5.805563545563577,6.414986864675132e-9,3.047475148879836e-6,-0.5414524757063869,0.10090272331232727
ENSG00000166016,ABTB2,EVsiINS_vs_EVsiCONT,0.5964626635846031,0.1163586217060337,5.126071921782431,2.958496287656742e-7,7.228029073072229e-5,0.5264727928616364,0.11646673102079827
ENSG00000166068,SPRED1,EVsiINS_vs_EVsiCONT,-0.8106407881300202,0.17916167705309344,-4.524632730970652,6.050047440031542e-6,8.551067051191688e-4,-0.6250437690902644,0.1852349413977079
ENSG00000166598,HSP90B1,EVsiINS_vs_EVsiCONT,-0.7678362441577576,0.11759333483173325,-6.52958983820359,6.595004428678521e-11,4.90381590170696e-8,-0.6890587459053048,0.11463526022062372
ENSG00000166770,ZNF667-AS1,EVsiINS_vs_EVsiCONT,-0.23374246638690307,0.06556300224810135,-3.5651580673865806,3.636369651648532e-4,0.023379396158832024,-0.1797245928459336,0.07486185340968292
ENSG00000166794,PPIB,EVsiINS_vs_EVsiCONT,-0.47769347025216813,0.09155941432772577,-5.217305874656675,1.8154432882484828e-7,5.007695341229928e-5,-0.4348312903681904,0.09497447705210581
ENSG00000166900,STX3,EVsiINS_vs_EVsiCONT,-0.3936962555291902,0.05925313081030393,-6.644311450640304,3.046378003323879e-11,2.4809122196592846e-8,-0.3755491420796507,0.061333940755981704
ENSG00000167004,PDIA3,EVsiINS_vs_EVsiCONT,-0.34112259969803993,0.08994254349693762,-3.792672370997097,1.4903473123297333e-4,0.011854846388587487,-0.26586627891207226,0.10923330855158203
ENSG00000167244,IGF2,EVsiINS_vs_EVsiCONT,-0.41567186370903536,0.08162140298878455,-5.092682170216458,3.5303323322346344e-07,8.27064980080503e-5,-0.3779545602227353,0.08751201205319337
ENSG00000167461,RAB8A,EVsiINS_vs_EVsiCONT,-0.2998892798469792,0.08167822480323812,-3.671593996679151,2.4104239290802755e-4,0.017320617661819696,-0.22854599246460677,0.09798235775671406
ENSG00000168283,BMI1,EVsiINS_vs_EVsiCONT,-0.6389483767752981,0.09336082530642145,-6.84385955970497,7.708749816969278e-12,7.755002315871094e-9,-0.5929422185421322,0.09136169864427514
ENSG00000168476,REEP4,EVsiINS_vs_EVsiCONT,-0.4459010709240436,0.10036719133676254,-4.442697508869302,8.883802026438927e-6,0.0011938252587533993,-0.3851594346913926,0.11195231750271308
ENSG00000168522,FNTA,EVsiINS_vs_EVsiCONT,-0.27639097207006375,0.05930170818160631,-4.660759032836634,3.150453914737261e-6,4.810630611592557e-4,-0.24167129889315486,0.06373028960201423
ENSG00000168795,ZBTB5,EVsiINS_vs_EVsiCONT,-0.3155658750945671,0.09249566344077076,-3.411682919563451,6.456316689697307e-4,0.03692840402247603,-0.21853193446466068,0.11662108704170483
ENSG00000169291,SHE,EVsiINS_vs_EVsiCONT,1.208194303638429,0.30969826160015806,3.901198209495576,9.571773699608768e-5,0.00835186090870965,0.5358850195082135,0.37643949354979594
ENSG00000169504,CLIC4,EVsiINS_vs_EVsiCONT,0.47266210947799747,0.110100211526859,4.293017269659753,1.7626129070323684e-5,0.00212283140394842,0.3990891249844756,0.12452161209711755
ENSG00000169962,TAS1R3,EVsiINS_vs_EVsiCONT,-0.7377806316811285,0.18013986362552994,-4.0955989242603605,4.210783741024786e-5,0.0042360484434709345,-0.5362772813217248,0.2062227822998056
ENSG00000169994,MYO7B,EVsiINS_vs_EVsiCONT,-0.5733609434238067,0.12171564582247761,-4.710659336763116,2.469166679398292e-6,4.137322846697004e-4,-0.49452205751462347,0.12624011501077936
ENSG00000171055,FEZ2,EVsiINS_vs_EVsiCONT,-0.5586459203597356,0.08995910539062797,-6.20999862030571,5.298506655695473e-10,3.356113363914962e-7,-0.5186631179719364,0.08887976917990975
ENSG00000171234,UGT2B7,EVsiINS_vs_EVsiCONT,-0.7118360973633594,0.1690436072750248,-4.210961353925917,2.5428624879021063e-5,0.0028423551809216878,-0.5410344442796694,0.18746484062399366
ENSG00000171303,KCNK3,EVsiINS_vs_EVsiCONT,0.5320924983665334,0.1563634298764221,3.402921634470792,6.666939971441592e-4,0.03762970540976704,0.3207845267284103,0.2070188511347551
ENSG00000171314,PGAM1,EVsiINS_vs_EVsiCONT,0.23954443875196874,0.07050163457220901,3.3977146800280655,6.795124940402916e-4,0.037889097567532705,0.17442947852492258,0.08335066934076425
ENSG00000171503,ETFDH,EVsiINS_vs_EVsiCONT,0.28823400706396807,0.07934794284322627,3.6325328261307765,2.8065285991138694e-4,0.01937167044628132,0.21825657654982333,0.09472941941111113
ENSG00000171798,KNDC1,EVsiINS_vs_EVsiCONT,-0.4258292025394595,0.10965224725106623,-3.8834516684774907,1.0298401004111842e-4,0.00885041477247843,-0.33523841110558733,0.1344457176915746
ENSG00000172201,ID4,EVsiINS_vs_EVsiCONT,0.34095835513619355,0.09412114088423772,3.6225480474737126,2.9171525385110274e-4,0.019960462594175686,0.25311831406956226,0.11741936272263363
ENSG00000172367,PDZD3,EVsiINS_vs_EVsiCONT,-0.6102567384629182,0.1381201753997455,-4.418302660684593,9.947905116588897e-6,0.0013135920377977661,-0.5034043719224822,0.14781953961866043
ENSG00000172795,DCP2,EVsiINS_vs_EVsiCONT,-0.5330070856109539,0.11734414332616229,-4.542255544270679,5.565551721596465e-6,7.931838795228563e-4,-0.4574850738264753,0.12564015278634427
ENSG00000173567,ADGRF3,EVsiINS_vs_EVsiCONT,-0.7712400080994806,0.1826986779118856,-4.221377061477394,2.4281437290632832e-5,0.002744978153260467,-0.569693775425544,0.2021855288545054
ENSG00000174498,IGDCC3,EVsiINS_vs_EVsiCONT,-0.7115043166174206,0.18003467525373704,-3.9520404367360986,7.748764251923158e-5,0.007163208985750803,-0.5008235357792995,0.21456742687891714
ENSG00000175029,CTBP2,EVsiINS_vs_EVsiCONT,-0.21809343434151615,0.06560383575793995,-3.324400651605506,8.86087977619685e-4,0.04648428402837992,-0.1586046111266998,0.07715723769992908
ENSG00000175087,PDIK1L,EVsiINS_vs_EVsiCONT,-0.4414038446617383,0.10752867224384449,-4.104987399646856,4.043369187628563e-5,0.0041407005896301604,-0.36360317236788675,0.12635299612828718
ENSG00000175197,DDIT3,EVsiINS_vs_EVsiCONT,-0.746241634074503,0.128800856211707,-5.793762992133551,6.882657020645584e-9,3.1812756855967776e-6,-0.6540586131297935,0.12506469938611253
ENSG00000175938,ORAI3,EVsiINS_vs_EVsiCONT,-0.5216869155860464,0.11081641511475207,-4.707668219061515,2.50566486269399e-6,4.137322846697004e-4,-0.45604969915202004,0.1168870094394591
ENSG00000176381,PRR18,EVsiINS_vs_EVsiCONT,-0.45620570541358035,0.12290616037938952,-3.7118213115221748,2.0577323894351737e-4,0.015191849394470356,-0.3376815956001485,0.15629317766646086
ENSG00000176438,SYNE3,EVsiINS_vs_EVsiCONT,-0.9480025206039526,0.16489751304823574,-5.749040741000401,8.975119155959881e-9,3.837312195130647e-6,-0.7877814176729676,0.1611724561793672
ENSG00000176490,DIRAS1,EVsiINS_vs_EVsiCONT,0.371120946406228,0.10778014416669916,3.443314622331831,5.746303896245536e-4,0.033426288854962974,0.25379870269868254,0.13986506136157573
ENSG00000177125,ZBTB34,EVsiINS_vs_EVsiCONT,-0.6212203816913913,0.10577269305403801,-5.873164081905498,4.275549075544956e-9,2.150601184999113e-6,-0.5633959525380186,0.10368419916809002
ENSG00000177943,MAMDC4,EVsiINS_vs_EVsiCONT,-0.7873782948234918,0.18656894836893448,-4.22030730036852,2.4396952362039004e-5,0.002744978153260467,-0.5763934131514814,0.2066801460563001
ENSG00000178401,DNAJC22,EVsiINS_vs_EVsiCONT,0.8082510708668623,0.14519409122224536,5.566693961599928,2.596177707049593e-8,9.446772584247263e-6,0.688637234687083,0.14087260411123378
ENSG00000178445,GLDC,EVsiINS_vs_EVsiCONT,0.666918757643698,0.1796929612288821,3.711435067254621,2.0608753710192506e-4,0.015191849394470356,0.43489159910866787,0.22733696105856951
ENSG00000178473,UCN3,EVsiINS_vs_EVsiCONT,0.4812944820214708,0.11643628628611402,4.1335437377211255,3.572122789231797e-5,0.003773193168403203,0.3953095737549755,0.13528563966065968
ENSG00000178695,KCTD12,EVsiINS_vs_EVsiCONT,0.32449524591868245,0.08634359076397036,3.758185674785355,1.7114986324688402e-4,0.013184707032649597,0.2514040217636536,0.10428082174372913
ENSG00000178951,ZBTB7A,EVsiINS_vs_EVsiCONT,-0.43499054053334274,0.0910371643328286,-4.778164431210016,1.7690269135513842e-6,3.2184998165484864e-4,-0.3875710607898243,0.0987025840360494
ENSG00000178980,SELENOW,EVsiINS_vs_EVsiCONT,0.40917673831502527,0.1010529002753079,4.0491340396986795,5.140749674360925e-5,0.005023834338909745,0.33499891045787095,0.12007449211217507
ENSG00000179218,CALR,EVsiINS_vs_EVsiCONT,-0.3020516940784847,0.07729488011487796,-3.9077839777947316,9.314653029585407e-5,0.00816918954420357,-0.2425211960902219,0.08970405588077386
ENSG00000179387,ELMOD2,EVsiINS_vs_EVsiCONT,-0.4357331961523635,0.11727106413203867,-3.715607079865496,2.0271639233458426e-4,0.015073285833504608,-0.3253036170801485,0.14874715096406105
ENSG00000179523,EIF3J-DT,EVsiINS_vs_EVsiCONT,-0.34748417774527657,0.08969420519392486,-3.874098410192638,1.0702016292011925e-4,0.009016053331329456,-0.2758347788304352,0.10792481956448151
ENSG00000179954,SSC5D,EVsiINS_vs_EVsiCONT,-0.6411175292998051,0.12936072600189458,-4.956044613497419,7.194270361001283e-7,1.5004440452907796e-4,-0.552328147087856,0.12938419196660805
ENSG00000180190,TDRP,EVsiINS_vs_EVsiCONT,0.5389545942836104,0.12237856416103075,4.4039950785370525,1.0627535488252488e-5,0.0013769099387885913,0.4544515735427818,0.13347966934041633
ENSG00000180979,LRRC57,EVsiINS_vs_EVsiCONT,-0.30816193582797635,0.09338636304554286,-3.2998601270904113,9.673302774556077e-4,0.04937773122927169,-0.20355160116373505,0.1182754340219878
ENSG00000181915,ADO,EVsiINS_vs_EVsiCONT,0.27674838272434915,0.08217498610292025,3.3677934837461976,7.577233125599157e-4,0.04140122712907245,0.19291195953790866,0.1008932910995668
ENSG00000183722,LHFPL6,EVsiINS_vs_EVsiCONT,-0.7674297136651181,0.13752924642718925,-5.580120109735429,2.4035255352383906e-8,9.016099391900532e-6,-0.6617477371218812,0.13348869999799895
ENSG00000183831,ANKRD45,EVsiINS_vs_EVsiCONT,-0.6287238775426331,0.1896183300454739,-3.3157336497576675,9.140289813332759e-4,0.04736885951139905,-0.3205061412425365,0.2450273610750748
ENSG00000184164,CRELD2,EVsiINS_vs_EVsiCONT,-0.3661431672899833,0.10118123197155543,-3.618686589948967,2.961019715664546e-4,0.019960462594175686,-0.26960109852817143,0.1280387401726338
ENSG00000184524,CEND1,EVsiINS_vs_EVsiCONT,-1.1156496093272934,0.2663208213319558,-4.189118987195864,2.8003954359042906e-5,0.0030311621990402014,-0.6570759277056234,0.3117683653219235
ENSG00000184979,USP18,EVsiINS_vs_EVsiCONT,-0.8601961876410283,0.0953433253488986,-9.022091315708083,1.8453230682835518e-19,6.31174302275706e-16,-0.8050350336249815,0.09460446602303955
ENSG00000185624,P4HB,EVsiINS_vs_EVsiCONT,-0.2745681370527102,0.07919368519424017,-3.4670458431031546,5.262121366536953e-4,0.03124749986476214,-0.19897390344890725,0.09573171055845647
ENSG00000186479,RGS7BP,EVsiINS_vs_EVsiCONT,0.962481514676057,0.23429201410232695,4.108042343499141,3.990269592725135e-5,0.004110939191252124,0.6078811820638756,0.27295382581728406
ENSG00000186998,EMID1,EVsiINS_vs_EVsiCONT,-0.6049786239804269,0.11779395592069616,-5.135905482177065,2.807887618635339e-7,7.167237918492772e-5,-0.5330377690714367,0.11761385937011042
ENSG00000187922,LCN10,EVsiINS_vs_EVsiCONT,-0.9093342244740978,0.13461077327181387,-6.755285645955822,1.425541210749082e-11,1.2831371466437263e-8,-0.8009980349390189,0.13247563455741918
ENSG00000188070,C11orf95,EVsiINS_vs_EVsiCONT,-0.35054875560871573,0.08010505147905002,-4.37611298084485,1.2081440941544076e-5,0.0015419164401663194,-0.30079051242590205,0.09083168884457901
ENSG00000189409,MMP23B,EVsiINS_vs_EVsiCONT,-1.4493157995973953,0.31091206176551667,-4.661497503079951,3.1391687744685235e-6,4.810630611592557e-4,-0.8765215176306203,0.36518243331044
ENSG00000196353,CPNE4,EVsiINS_vs_EVsiCONT,0.6896997234137386,0.0880547656438468,7.832622327374672,4.7779793799621525e-15,1.0082134757478994e-11,0.6466465635937824,0.08644980308828444
ENSG00000196739,COL27A1,EVsiINS_vs_EVsiCONT,-0.4691171834624578,0.09570797655972067,-4.9015473978778985,9.508470143574888e-7,1.8908587952955552e-4,-0.42007129212380745,0.10142439182690506
ENSG00000196932,TMEM26,EVsiINS_vs_EVsiCONT,-1.0358350411244017,0.15065985960021747,-6.875321959498936,6.185000961318811e-12,6.610992902529645e-9,-0.8988771057383538,0.15043118152700827
ENSG00000196975,ANXA4,EVsiINS_vs_EVsiCONT,-0.458842934992592,0.09175221242030315,-5.000892326069493,5.706557771252896e-7,1.2841256711048293e-4,-0.4139173916560512,0.09704609335129069
ENSG00000198060,MARCH5,EVsiINS_vs_EVsiCONT,0.33374499955391357,0.08524714368656656,3.915028529061506,9.039351882523157e-5,0.008009896160358083,0.26750734378599744,0.10116875003023021
ENSG00000198363,ASPH,EVsiINS_vs_EVsiCONT,-0.3863806151511848,0.11519998272185755,-3.3539988984553433,7.965267989157022e-4,0.04295083556719299,-0.25030364777806535,0.15130588444708398
ENSG00000198535,C2CD4A,EVsiINS_vs_EVsiCONT,0.5310535214207872,0.13740843113023282,3.864781200488825,1.1118882632511633e-4,0.009275860038107998,0.4015524581845368,0.16873989144327667
ENSG00000198569,SLC34A3,EVsiINS_vs_EVsiCONT,-0.7942675318353908,0.18775504809057345,-4.230339156858432,2.3333923680342342e-5,0.0026782333072564745,-0.5807776735135441,0.2075079105025426
ENSG00000198729,PPP1R14C,EVsiINS_vs_EVsiCONT,-0.35492681539926835,0.09922143552565556,-3.5771183264879833,3.4740293968016746e-4,0.02255483782917951,-0.2583103914995288,0.12564102345903
ENSG00000198835,GJC2,EVsiINS_vs_EVsiCONT,-0.7780259484732525,0.15089605966523975,-5.156038866749001,2.522285636472411e-7,6.535777114386542e-5,-0.6509153169693145,0.14731155494603054
ENSG00000198843,SELENOT,EVsiINS_vs_EVsiCONT,-0.4543869123104454,0.07401643578581643,-6.1390001759246875,8.304247540439117e-10,4.733974714552993e-7,-0.42790439954600473,0.07542322717430734
ENSG00000198873,GRK5,EVsiINS_vs_EVsiCONT,-0.44264582382255646,0.10557035292159232,-4.192898968058882,2.7541212254834195e-5,0.003002795345664315,-0.3700480006842388,0.12215378797173357
ENSG00000198944,SOWAHA,EVsiINS_vs_EVsiCONT,-0.32479473703931755,0.08036466240946222,-4.041511869787633,5.310769235482453e-5,0.005115920888556833,-0.2664035620836318,0.09326189749976456
ENSG00000204003,AL355987.1,EVsiINS_vs_EVsiCONT,-2.546660101199452,0.5191364696074472,-4.905569633983039,9.315658308360157e-7,1.8743104516420636e-4,-1.6050789800752083,0.9486519977962037
ENSG00000204178,MACO1,EVsiINS_vs_EVsiCONT,-0.2787151016159571,0.06755897064192869,-4.1255084109138265,3.69916662250184e-5,0.003834130156244029,-0.23199579403499254,0.07487280218476235
ENSG00000205208,C4orf46,EVsiINS_vs_EVsiCONT,-0.30918846087666363,0.0876806914480408,-3.526300440501058,4.214086173516698e-4,0.026302664868424298,-0.2245698417094479,0.10840609878056036
ENSG00000205593,DENND6B,EVsiINS_vs_EVsiCONT,-0.49848213320092793,0.1445110639220968,-3.44943923096193,5.617521527295656e-4,0.03299475431542494,-0.31803007832500574,0.19131197900646843
ENSG00000205795,CYS1,EVsiINS_vs_EVsiCONT,-0.5768437411354694,0.12161745868289275,-4.743099776813629,2.104725380239405e-6,3.6729605564137045e-4,-0.4984168487969124,0.1256080932957763
ENSG00000205927,OLIG2,EVsiINS_vs_EVsiCONT,1.6241919427880396,0.39367068746154926,4.125762965134858,3.695076978913727e-5,0.003834130156244029,0.5995056084334665,0.49312763206148474
ENSG00000205978,NYNRIN,EVsiINS_vs_EVsiCONT,0.4767746852485854,0.12477046474518387,3.821214309190019,1.3279618876216813e-4,0.010866413493830619,0.3634932690862559,0.15515278500741259
ENSG00000206535,LNP1,EVsiINS_vs_EVsiCONT,-0.6013668385300319,0.1710207067593804,-3.51633933647656,4.3754137898285655e-4,0.026915786746481492,-0.3687099976135503,0.2235490999595114
ENSG00000213553,RPLP0P6,EVsiINS_vs_EVsiCONT,-0.7084898365265133,0.17910775420738967,-3.9556625544316177,7.632283022350387e-5,0.007093875230882409,-0.5003429312482168,0.21323939117029572
ENSG00000213853,EMP2,EVsiINS_vs_EVsiCONT,-0.4250354915716806,0.09082781256944567,-4.679574235553724,2.874712603502346e-6,4.510397701385057e-4,-0.3760553127221799,0.0995948825652149
ENSG00000214562,NUTM2D,EVsiINS_vs_EVsiCONT,-0.5490524051403871,0.12772693029880097,-4.298642454304261,1.718474346175689e-5,0.002114341602035729,-0.4547151387724155,0.14159085218014603
ENSG00000214575,CPEB1,EVsiINS_vs_EVsiCONT,0.7488975391617426,0.20864970596345297,3.5892575822413058,3.316210487561455e-4,0.02194424037442012,0.4194422733554889,0.26640471802089266
ENSG00000214719,SMURF2P1-LRRC37BP1,EVsiINS_vs_EVsiCONT,-0.7777487422138022,0.18521049169892162,-4.199269356069263,2.677776310689023e-5,0.0029737227574937446,-0.5691802122862094,0.20625809513579488
ENSG00000219438,FAM19A5,EVsiINS_vs_EVsiCONT,-0.5184540397665355,0.13847335790704257,-3.744070683362605,1.810626803425935e-4,0.013641118763079444,-0.3779532677922392,0.1750139929074837
ENSG00000230061,TRPM2-AS,EVsiINS_vs_EVsiCONT,-0.5807290423509053,0.13455501342694348,-4.31592274089595,1.5893756561593513e-5,0.0019840512753019875,-0.47700088638756105,0.14765720557852116
ENSG00000232645,LINC01431,EVsiINS_vs_EVsiCONT,-1.303882762298119,0.3030540606186095,-4.3024758013027995,1.689001224170548e-5,0.002093137604040921,-0.7170355072889227,0.3612797100254176
ENSG00000233013,FAM157B,EVsiINS_vs_EVsiCONT,18.82856023736059,3.5370433885082444,5.323248309176545,1.0193045373518238e-7,3.0055424478949816e-5,15.081862450690497,6.9640152249779605
ENSG00000235437,LINC01278,EVsiINS_vs_EVsiCONT,-0.31339868587006137,0.0906877909726654,-3.4557979912039563,5.486663469348416e-4,0.032356178845791936,-0.22127731080934201,0.11356997701380962
ENSG00000237289,CKMT1B,EVsiINS_vs_EVsiCONT,0.38440240914224066,0.11394079456055482,3.373703076451224,7.41643189234358e-4,0.04078322129352408,0.2520363671866517,0.14941069424827577
ENSG00000240891,PLCXD2,EVsiINS_vs_EVsiCONT,-0.484890682898624,0.12863972483766314,-3.7693697146082337,1.6366031095210102e-4,0.012780450401382794,-0.3622641995059155,0.16177875109589313
ENSG00000243232,PCDHAC2,EVsiINS_vs_EVsiCONT,-0.6907624438613564,0.16711680236117593,-4.133411087943556,3.574186020823991e-5,0.003773193168403203,-0.5207819971917775,0.18928595316347352
ENSG00000243364,EFNA4,EVsiINS_vs_EVsiCONT,-0.9862101174855267,0.21440986406146223,-4.599649003101938,4.232033970159732e-6,6.186003842536047e-4,-0.7131555937664845,0.2221161345199518
ENSG00000247400,DNAJC3-DT,EVsiINS_vs_EVsiCONT,-0.5116603318465385,0.12485724835390007,-4.097962582006207,4.168026360325601e-5,0.004217845373626534,-0.41381674336082946,0.1453941055705613
ENSG00000249115,HAUS5,EVsiINS_vs_EVsiCONT,-0.5624619635125508,0.11325984838404812,-4.96611969323252,6.830580629138293e-7,1.442180122463248e-4,-0.49610644800561005,0.11542659866603726
ENSG00000249201,CTD-3080P12.3,EVsiINS_vs_EVsiCONT,-0.8664849852152189,0.23620897747100586,-3.6682982776197743,2.4417022960987407e-4,0.017471963459364293,-0.4554864621858469,0.2960713492560088
ENSG00000249592,AC139887.2,EVsiINS_vs_EVsiCONT,-0.5776850217641462,0.15904138015332278,-3.632293816912509,2.8091300845969875e-4,0.01937167044628132,-0.38634548195448853,0.20514967299788264
ENSG00000249715,FER1L5,EVsiINS_vs_EVsiCONT,-1.7059751161190913,0.21817093089781345,-7.819442806146036,5.3057661570173636e-15,1.0082134757478994e-11,-1.5373429800654435,0.2558177017000194
ENSG00000250067,YJEFN3,EVsiINS_vs_EVsiCONT,-0.6728341052589413,0.1893600889537235,-3.5531991402019827,3.8057624762021896e-4,0.024376835156557995,-0.3960901161174955,0.2447428488729157
ENSG00000250462,LRRC37BP1,EVsiINS_vs_EVsiCONT,-0.38300549384907184,0.09759621565218132,-3.9243887817745677,8.695021756160983e-5,0.007785458747322782,-0.3064549939406701,0.11803003629752729
ENSG00000251664,PCDHA12,EVsiINS_vs_EVsiCONT,-0.48961159548820665,0.12282471609190057,-3.9862627903154837,6.712216783164772e-5,0.006342117758325079,-0.38896655006850606,0.14707132776404344
ENSG00000254647,INS,EVsiINS_vs_EVsiCONT,-3.4959544166575034,0.1600678772558006,-21.84044966792871,9.58077396695881e-106,1.6385039638292957e-101,-3.4692753437282056,0.15978502776621206
ENSG00000255277,ABCC6P2,EVsiINS_vs_EVsiCONT,-0.4418580006720669,0.1267951919213142,-3.4848166872626565,4.924743050032754e-4,0.029655970296359208,-0.2979751373654495,0.1668773411110661
ENSG00000256196,AP003721.1,EVsiINS_vs_EVsiCONT,-0.7735356646057387,0.16017451257447493,-4.8293305356310965,1.369928447927309e-6,2.5613226959996996e-4,-0.6298274904776543,0.15924999266910506
ENSG00000256269,HMBS,EVsiINS_vs_EVsiCONT,-0.4077533966542382,0.12255148606561057,-3.3272007524734435,8.772315144060561e-4,0.04623645593473231,-0.2566251937221995,0.16195941616459977
ENSG00000256340,ABCC6P1,EVsiINS_vs_EVsiCONT,-0.7212518884016567,0.12277463165904774,-5.8746003034618335,4.238647763660169e-9,2.150601184999113e-6,-0.6384190490429674,0.11932555831708584
ENSG00000256925,ADGRA1-AS1,EVsiINS_vs_EVsiCONT,-1.046049480899368,0.22289344986535717,-4.6930472004953625,2.691653559414265e-6,4.3021176797292294e-4,-0.7510445592473223,0.22950704675156097
ENSG00000257218,GATC,EVsiINS_vs_EVsiCONT,-0.30930171379469945,0.07547577615283621,-4.0980262749252505,4.166879907055735e-5,0.004217845373626534,-0.25595260724458113,0.08611181241434157
ENSG00000259673,IQCH-AS1,EVsiINS_vs_EVsiCONT,-0.3903419485708662,0.10243348754508577,-3.810686894742878,1.3858119711810825e-4,0.01117931902412211,-0.30345709324740816,0.12659851289952967
ENSG00000259768,AC004943.2,EVsiINS_vs_EVsiCONT,-0.5952178908966362,0.16895051511023232,-3.523030933100644,4.266415624919637e-4,0.02648921452452254,-0.3684832286695993,0.22086044618730108
ENSG00000260469,INSYN1-AS1,EVsiINS_vs_EVsiCONT,-1.103987957656131,0.20866151221902618,-5.290807805980556,1.2177728472383303e-7,3.4710585389116546e-5,-0.847466501027957,0.20775092666598202
ENSG00000260802,SERTM2,EVsiINS_vs_EVsiCONT,-0.9187550197112031,0.23882654580605187,-3.8469551892163314,1.1959483239835579e-4,0.009833225113830195,-0.5216421247981844,0.2936128667268433
ENSG00000260807,AC009041.2,EVsiINS_vs_EVsiCONT,-1.0630523524896884,0.2825127342017207,-3.7628475597515694,1.679896071181426e-4,0.013022204532088716,-0.4869178433960646,0.34542610174805827
ENSG00000261594,TPBGL,EVsiINS_vs_EVsiCONT,1.4267548322713035,0.40504027654045965,3.5225011311406815,4.274952174463935e-4,0.02648921452452254,0.29323644738456944,0.38087421358788986
ENSG00000261713,SSTR5-AS1,EVsiINS_vs_EVsiCONT,0.7077445397285874,0.15775254304940153,4.4864223805694925,7.242908664492873e-6,9.966042837306222e-4,0.5670821906671416,0.1646549462272304
ENSG00000261720,AC009041.3,EVsiINS_vs_EVsiCONT,1.1569129387820325,0.3143080541303411,3.6808249854846857,2.3248054178693904e-4,0.01684695858322132,0.4339907286030313,0.3701620648135918
ENSG00000261801,LOXL1-AS1,EVsiINS_vs_EVsiCONT,-0.3848188239783405,0.11567419888870287,-3.3267472580345934,8.786602841064203e-4,0.04623645593473231,-0.24565735647786904,0.15200003575928386
ENSG00000265972,TXNIP,EVsiINS_vs_EVsiCONT,-0.757785298029539,0.22237370816900268,-3.4077108497629887,6.551027382032883e-4,0.03722115291944397,-0.3594388329467082,0.28020616229082557
ENSG00000267106,ZNF561-AS1,EVsiINS_vs_EVsiCONT,-0.79051591740617555,0.1621590098787155,-4.874942921749649,1.088399203687756e-6,2.1152049069850004e-4,-0.6426646821103762,0.16052569003647602
ENSG00000272601,AC010655.3,EVsiINS_vs_EVsiCONT,7.594971812213084,2.1855474105778923,3.4750890213838264,5.106838475931317e-4,0.030537465599782303,0.041166192764853074,0.4121150943076854
ENSG00000273162,AL133215.2,EVsiINS_vs_EVsiCONT,-0.7124289380514042,0.20849697716167137,-3.4169749017463076,6.332111695474493e-4,0.03633952154899489,-0.36047361243738163,0.26669594222554005
ENSG00000278195,SSTR3,EVsiINS_vs_EVsiCONT,-0.44105292183709505,0.085494526169672,-5.158843982149029,2.484792557810265e-7,6.535777114386542e-5,-0.40194669769109853,0.09037213467581931
ENSG00000280237,MIR4697HG,EVsiINS_vs_EVsiCONT,-0.31011080098899174,0.09041631995122448,-3.4298100293872,6.040039688397876e-4,0.034897553632088,-0.21703255808035304,0.11329895677888868
ENSG00000283932,AL121722.1,EVsiINS_vs_EVsiCONT,-0.4341833233180552,0.1309292762709137,-3.316166832081621,9.126133091829025e-4,0.04736885951139905,-0.2664970116783491,0.17369502157142738
ENSG00000285138,AC016629.3,EVsiINS_vs_EVsiCONT,19.85479786176709,4.863720212934282,4.082224509741833,4.4606673557648736e-5,0.00446118907124508,0.3926316793093224,2.6550311203148538
